-- Delete all existing data before inserting new data
-- user_ms
DELETE FROM "user"."rating";
DELETE FROM "user"."user";

-- match_ms
DELETE FROM "match"."game";
DELETE FROM "match"."match";

-- tournament_ms
DELETE FROM "tournament"."tournament_player";
DELETE FROM "tournament"."tournament";
DELETE FROM "tournament"."player";

-- Insert data
-- user_ms
INSERT INTO "user"."user" ("id", "country", "email", "fullname", "gender", "profile_picture", "role", "username") VALUES ('user1', 'USA', 'jdoe@example.com', 'John Doe', 'Male', null, 'PLAYER', 'jdoe'), ('user10', 'Japan', 'rfujiwara@example.com', 'Rika Fujiwara', 'Female', null, 'PLAYER', 'rfujiwara'), ('user11', 'Australia', 'psmith@example.com', 'Paul Smith', 'Male', null, 'PLAYER', 'psmith'), ('user12', 'Mexico', 'ngarcia@example.com', 'Nina Garcia', 'Female', null, 'PLAYER', 'ngarcia'), ('user13', 'Argentina', 'mrodriguez@example.com', 'Manuel Rodriguez', 'Male', null, 'PLAYER', 'mrodriguez'), ('user14', 'Canada', 'sjohnson@example.com', 'Samantha Johnson', 'Female', null, 'PLAYER', 'sjohnson'), ('user15', 'Egypt', 'mhassan@example.com', 'Mohammed Hassan', 'Male', null, 'PLAYER', 'mhassan'), ('user16', 'Colombia', 'ahernandez@example.com', 'Alicia Hernandez', 'Female', null, 'PLAYER', 'ahernandez'), ('user17', 'South Korea', 'jpark@example.com', 'Jin Park', 'Male', null, 'PLAYER', 'jpark'), ('user18', 'Taiwan', 'lchang@example.com', 'Ling Chang', 'Female', null, 'PLAYER', 'lchang'), ('user19', 'Germany', 'cfischer@example.com', 'Christian Fischer', 'Male', null, 'PLAYER', 'cfischer'), ('user2', 'Spain', 'amartinez@example.com', 'Anna Martinez', 'Female', null, 'PLAYER', 'amartinez'), ('user20', 'China', 'yao@example.com', 'Yao Ming', 'Male', null, 'PLAYER', 'yao'), ('user_2ngKh5qJhhqqmuaq3zLNM5Oh0Vo', 'Singapore', 'kelynwonget@gmail.com', 'Kelyn Wong', 'female', 'https://www.gravatar.com/avatar?d=mp', 'ADMIN', 'kelynwong123'), ('user3', 'China', 'lwang@example.com', 'Li Wang', 'Male', null, 'PLAYER', 'lwang'), ('user4', 'India', 'skumar@example.com', 'Suresh Kumar', 'Male', null, 'PLAYER', 'skumar'), ('user5', 'UK', 'mthompson@example.com', 'Maria Thompson', 'Female', null, 'PLAYER', 'mthompson'), ('user6', 'Denmark', 'hjensen@example.com', 'Hannah Jensen', 'Female', null, 'PLAYER', 'hjensen'), ('user7', 'South Korea', 'tlee@example.com', 'Tom Lee', 'Male', null, 'PLAYER', 'tlee'), ('user8', 'Russia', 'kpetrov@example.com', 'Katerina Petrov', 'Female', null, 'PLAYER', 'kpetrov'), ('user9', 'Vietnam', 'znguyen@example.com', 'Zhang Nguyen', 'Male', null, 'PLAYER', 'znguyen');
INSERT INTO "user"."rating" ("user_id", "last_rating_period_end_date", "number_of_results", "rating", "rating_deviation", "volatility") VALUES ('user1', '2024-11-19 12:00:00', '7', '1690.30855483564', '161.414925237088', '0.0599881983381314'), ('user10', '2024-11-19 12:00:00', '7', '1654.00035110049', '155.723979132112', '0.0599893701894271'), ('user11', '2024-11-19 12:00:00', '3', '1188.62766614055', '229.274384292967', '0.0599962805107186'), ('user12', '2024-11-19 12:00:00', '9', '1701.87024022181', '140.908129442641', '0.0600001925731721'), ('user13', '2024-11-12 12:00:00', '4', '1565.25621022616', '191.016951234975', '0.0599990082253023'), ('user14', '2024-11-19 12:00:00', '5', '1256.26143187572', '199.093770098424', '0.0600052246793656'), ('user15', '2024-11-19 12:00:00', '6', '1512.02926980031', '162.323116051766', '0.0599931037521112'), ('user16', '2024-11-19 12:00:00', '8', '1887.41564678105', '150.273075789378', '0.060000568943627'), ('user17', '2024-11-19 12:00:00', '3', '1409.4476082673', '220.659821787359', '0.0599988844484932'), ('user18', '2024-11-19 12:00:00', '3', '1270.94759183149', '218.77685935299', '0.0600025796677342'), ('user19', '2024-11-19 12:00:00', '2', '1456.01536710261', '245.429792514247', '0.0599979216007241'), ('user2', '2024-11-19 12:00:00', '7', '1364.23173833553', '158.547705181634', '0.0599924580451544'), ('user20', '2024-11-19 12:00:00', '3', '1301.38207672344', '232.822673348709', '0.0600094895848377'), ('user3', '2024-11-19 12:00:00', '6', '1277.32247087634', '184.295508282546', '0.0600018962588052'), ('user4', '2024-11-19 12:00:00', '7', '1432.03111967713', '176.71601510243', '0.0600152381767131'), ('user5', '2024-11-19 12:00:00', '4', '1159.09726341392', '215.416973717729', '0.0599945290088831'), ('user6', '2024-11-19 12:00:00', '11', '1971.35925896289', '134.905683819408', '0.0600027560756196'), ('user7', '2024-11-12 12:00:00', '4', '1344.24076923881', '200.167944778014', '0.0599966688100363'), ('user8', '2024-11-19 12:00:00', '7', '1799.5322441079', '163.012224965455', '0.0599962345599617'), ('user9', '2024-11-12 12:00:00', '4', '1732.02571522522', '201.131826839807', '0.0599947331980667');

-- match_ms
INSERT INTO "match"."match" ("id", "player1id", "player2id", "round_num", "tournament_id", "winner_id", "left_id", "right_id") VALUES ('3923', 'user2', 'user4', '8', '4902', 'user2', null, null), ('3924', 'user8', 'user7', '8', '4902', 'user8', null, null), ('3925', 'user3', 'user6', '8', '4902', 'user6', null, null), ('3926', 'user1', 'user5', '8', '4902', 'user1', null, null), ('3927', 'user2', 'user8', '4', '4902', 'user8', '3923', '3924'), ('3928', 'user6', 'user1', '4', '4902', 'user6', '3925', '3926'), ('3929', 'user8', 'user6', '2', '4902', 'user8', '3927', '3928'), ('3930', 'user8', null, '32', '4903', 'user8', null, null), ('3931', 'user6', null, '32', '4903', 'user6', null, null), ('3932', 'user2', null, '32', '4903', 'user2', null, null), ('3933', 'user1', null, '32', '4903', 'user1', null, null), ('3934', 'user19', null, '32', '4903', 'user19', null, null), ('3935', 'user13', null, '32', '4903', 'user13', null, null), ('3936', 'user9', null, '32', '4903', 'user9', null, null), ('3937', 'user11', null, '32', '4903', 'user11', null, null), ('3938', 'user10', null, '32', '4903', 'user10', null, null), ('3939', 'user14', null, '32', '4903', 'user14', null, null), ('3940', 'user20', null, '32', '4903', 'user20', null, null), ('3941', 'user17', null, '32', '4903', 'user17', null, null), ('3942', 'user15', 'user3', '32', '4903', 'user15', null, null), ('3943', 'user18', 'user7', '32', '4903', 'user7', null, null), ('3944', 'user12', 'user5', '32', '4903', 'user12', null, null), ('3945', 'user16', 'user4', '32', '4903', 'user16', null, null), ('3946', 'user8', 'user6', '16', '4903', 'user6', '3930', '3931'), ('3947', 'user2', 'user1', '16', '4903', 'user1', '3932', '3933'), ('3948', 'user19', 'user13', '16', '4903', 'user13', '3934', '3935'), ('3949', 'user9', 'user11', '16', '4903', 'user9', '3936', '3937'), ('3950', 'user10', 'user14', '16', '4903', 'user10', '3938', '3939'), ('3951', 'user20', 'user17', '16', '4903', 'user20', '3940', '3941'), ('3952', 'user15', 'user7', '16', '4903', 'user15', '3942', '3943'), ('3953', 'user12', 'user16', '16', '4903', 'user12', '3944', '3945'), ('3954', 'user6', 'user1', '8', '4903', 'user6', '3946', '3947'), ('3955', 'user13', 'user9', '8', '4903', 'user9', '3948', '3949'), ('3956', 'user10', 'user20', '8', '4903', 'user10', '3950', '3951'), ('3957', 'user15', 'user12', '8', '4903', 'user12', '3952', '3953'), ('3958', 'user6', 'user9', '4', '4903', 'user6', '3954', '3955'), ('3959', 'user10', 'user12', '4', '4903', 'user12', '3956', '3957'), ('3960', 'user6', 'user12', '2', '4903', 'user6', '3958', '3959'), ('3961', 'user1', 'user2', '4', '4904', 'user1', null, null), ('3962', 'user4', 'user3', '4', '4904', 'user3', null, null), ('3963', 'user1', 'user3', '2', '4904', 'user1', '3961', '3962'), ('3964', 'user6', 'user12', '8', '4905', 'user6', null, null), ('3965', 'user8', 'user10', '8', '4905', 'user8', null, null), ('3966', 'user16', 'user2', '8', '4905', 'user16', null, null), ('3967', 'user14', 'user4', '8', '4905', 'user4', null, null), ('3968', 'user6', 'user8', '4', '4905', 'user6', '3964', '3965'), ('3969', 'user16', 'user4', '4', '4905', 'user16', '3966', '3967'), ('3970', 'user6', 'user16', '2', '4905', 'user16', '3968', '3969'), ('3971', 'user12', null, '16', '4906', 'user12', null, null), ('3972', 'user10', null, '16', '4906', 'user10', null, null), ('3973', 'user15', null, '16', '4906', 'user15', null, null), ('3974', 'user13', null, '16', '4906', 'user13', null, null), ('3975', 'user16', null, '16', '4906', 'user16', null, null), ('3976', 'user17', null, '16', '4906', 'user17', null, null), ('3977', 'user11', null, '16', '4906', 'user11', null, null), ('3978', 'user14', 'user18', '16', '4906', 'user18', null, null), ('3979', 'user12', 'user10', '8', '4906', 'user12', '3971', '3972'), ('3980', 'user15', 'user13', '8', '4906', 'user13', '3973', '3974'), ('3981', 'user16', 'user17', '8', '4906', 'user16', '3975', '3976'), ('3982', 'user11', 'user18', '8', '4906', null, '3977', '3978'), ('3983', 'user12', 'user13', '4', '4906', null, '3979', '3980'), ('3984', 'user16', null, '4', '4906', null, '3981', '3982'), ('3985', null, null, '2', '4906', null, '3983', '3984'), ('3986', 'user6', 'user3', '16', '4907', 'user6', null, null), ('3987', 'user12', 'user4', '16', '4907', 'user4', null, null), ('3988', 'user8', 'user5', '16', '4907', 'user8', null, null), ('3989', 'user9', 'user11', '16', '4907', 'user9', null, null), ('3990', 'user10', 'user14', '16', '4907', 'user10', null, null), ('3991', 'user15', 'user7', '16', '4907', 'user15', null, null), ('3992', 'user1', 'user2', '16', '4907', 'user1', null, null), ('3993', 'user13', 'user16', '16', '4907', 'user16', null, null), ('3994', 'user6', 'user4', '8', '4907', null, '3986', '3987'), ('3995', 'user8', 'user9', '8', '4907', null, '3988', '3989'), ('3996', 'user10', 'user15', '8', '4907', null, '3990', '3991'), ('3997', 'user1', 'user16', '8', '4907', null, '3992', '3993'), ('3998', null, null, '4', '4907', null, '3994', '3995'), ('3999', null, null, '4', '4907', null, '3996', '3997'), ('4000', null, null, '2', '4907', null, '3998', '3999'), ('4001', 'user9', 'user15', '8', '4908', null, null, null), ('4002', 'user1', 'user13', '8', '4908', null, null, null), ('4003', 'user7', 'user11', '8', '4908', null, null, null), ('4004', 'user5', 'user3', '8', '4908', null, null, null), ('4005', null, null, '4', '4908', null, '4001', '4002'), ('4006', null, null, '4', '4908', null, '4003', '4004'), ('4007', null, null, '2', '4908', null, '4005', '4006'), ('4008', 'user6', null, '16', '4909', 'user6', null, null), ('4009', 'user12', null, '16', '4909', 'user12', null, null), ('4010', 'user8', 'user3', '16', '4909', null, null, null), ('4011', 'user9', 'user4', '16', '4909', null, null, null), ('4012', 'user10', 'user5', '16', '4909', null, null, null), ('4013', 'user1', 'user11', '16', '4909', null, null, null), ('4014', 'user13', 'user14', '16', '4909', null, null, null), ('4015', 'user2', 'user7', '16', '4909', null, null, null), ('4016', 'user6', 'user12', '8', '4909', null, '4008', '4009'), ('4017', null, null, '8', '4909', null, '4010', '4011'), ('4018', null, null, '8', '4909', null, '4012', '4013'), ('4019', null, null, '8', '4909', null, '4014', '4015'), ('4020', null, null, '4', '4909', null, '4016', '4017'), ('4021', null, null, '4', '4909', null, '4018', '4019'), ('4022', null, null, '2', '4909', null, '4020', '4021'), ('4546', 'user12', null, '16', '4913', 'user12', null, null), ('4547', 'user16', null, '16', '4913', 'user16', null, null), ('4548', 'user10', null, '16', '4913', 'user10', null, null), ('4549', 'user15', null, '16', '4913', 'user15', null, null), ('4550', 'user13', null, '16', '4913', 'user13', null, null), ('4551', 'user20', 'user14', '16', '4913', 'user14', null, null), ('4552', 'user18', 'user17', '16', '4913', 'user17', null, null), ('4553', 'user19', 'user11', '16', '4913', 'user19', null, null), ('4554', 'user12', 'user16', '8', '4913', 'user16', '4546', '4547'), ('4555', 'user10', 'user15', '8', '4913', 'user10', '4548', '4549'), ('4556', 'user13', 'user14', '8', '4913', null, '4550', '4551'), ('4557', 'user17', 'user19', '8', '4913', null, '4552', '4553'), ('4558', 'user16', 'user10', '4', '4913', null, '4554', '4555'), ('4559', null, null, '4', '4913', null, '4556', '4557'), ('4560', null, null, '2', '4913', null, '4558', '4559'), ('4561', 'user6', null, '8', '4912', 'user6', null, null), ('4562', 'user1', null, '8', '4912', 'user1', null, null), ('4563', 'user4', 'user5', '8', '4912', 'user4', null, null), ('4564', 'user2', 'user3', '8', '4912', 'user2', null, null), ('4565', 'user6', 'user1', '4', '4912', null, '4561', '4562'), ('4566', 'user4', 'user2', '4', '4912', null, '4563', '4564'), ('4567', null, null, '2', '4912', null, '4565', '4566');
INSERT INTO "match"."game" ("id", "player1score", "player2score", "set_num", "match_id") VALUES ('993', '21', '17', '1', '3923'), ('994', '21', '18', '2', '3923'), ('995', '21', '11', '1', '3924'), ('996', '21', '18', '2', '3924'), ('997', '12', '21', '1', '3925'), ('998', '14', '21', '2', '3925'), ('999', '21', '14', '1', '3926'), ('1000', '21', '11', '2', '3926'), ('1001', '21', '13', '1', '3927'), ('1002', '12', '21', '2', '3927'), ('1003', '11', '21', '3', '3927'), ('1004', '13', '21', '1', '3928'), ('1005', '21', '11', '2', '3928'), ('1006', '21', '14', '3', '3928'), ('1007', '21', '13', '1', '3929'), ('1008', '21', '19', '2', '3929'), ('1009', '21', '17', '1', '3942'), ('1010', '21', '19', '2', '3942'), ('1011', '18', '21', '1', '3943'), ('1012', '12', '21', '2', '3943'), ('1013', '21', '17', '1', '3944'), ('1014', '21', '18', '2', '3944'), ('1015', '21', '18', '1', '3945'), ('1016', '21', '19', '2', '3945'), ('1017', '18', '21', '1', '3946'), ('1018', '21', '19', '2', '3946'), ('1019', '20', '22', '3', '3946'), ('1020', '21', '18', '1', '3947'), ('1021', '18', '21', '2', '3947'), ('1022', '19', '21', '3', '3947'), ('1023', '13', '21', '1', '3948'), ('1024', '14', '21', '2', '3948'), ('1025', '21', '13', '1', '3949'), ('1026', '21', '19', '2', '3949'), ('1027', '21', '18', '1', '3950'), ('1028', '16', '21', '2', '3950'), ('1029', '21', '14', '3', '3950'), ('1030', '18', '21', '1', '3951'), ('1031', '21', '19', '2', '3951'), ('1032', '21', '18', '3', '3951'), ('1033', '21', '17', '1', '3952'), ('1034', '21', '18', '2', '3952'), ('1035', '21', '18', '1', '3953'), ('1036', '21', '18', '2', '3953'), ('1037', '21', '18', '1', '3954'), ('1038', '21', '16', '2', '3954'), ('1039', '17', '21', '1', '3955'), ('1040', '19', '21', '2', '3955'), ('1041', '22', '20', '1', '3956'), ('1042', '21', '19', '2', '3956'), ('1043', '18', '21', '1', '3957'), ('1044', '17', '21', '2', '3957'), ('1045', '21', '14', '1', '3958'), ('1046', '17', '21', '2', '3958'), ('1047', '22', '20', '3', '3958'), ('1048', '21', '17', '1', '3959'), ('1049', '20', '22', '2', '3959'), ('1050', '18', '21', '3', '3959'), ('1051', '22', '20', '1', '3960'), ('1052', '21', '18', '2', '3960'), ('1053', '21', '14', '1', '3961'), ('1054', '21', '15', '2', '3961'), ('1055', '21', '18', '1', '3964'), ('1056', '21', '19', '2', '3964'), ('1057', '22', '20', '1', '3965'), ('1058', '19', '21', '2', '3965'), ('1059', '21', '18', '3', '3965'), ('1060', '21', '11', '1', '3966'), ('1061', '21', '13', '2', '3966'), ('1062', '19', '21', '1', '3978'), ('1063', '17', '21', '2', '3978'), ('1064', '21', '18', '1', '3979'), ('1065', '21', '13', '2', '3979'), ('1066', '21', '18', '1', '3980'), ('1067', '18', '21', '2', '3980'), ('1068', '19', '21', '3', '3980'), ('1069', '21', '15', '1', '3981'), ('1070', '21', '13', '2', '3981'), ('1071', '21', '13', '1', '3986'), ('1072', '21', '17', '2', '3986'), ('1073', '18', '21', '1', '3987'), ('1074', '12', '21', '2', '3987'), ('1075', '21', '18', '1', '3988'), ('1076', '21', '17', '2', '3988'), ('1077', '13', '21', '1', '3989'), ('1078', '21', '15', '2', '3989'), ('1079', '21', '18', '3', '3989'), ('1080', '21', '19', '1', '3990'), ('1081', '22', '20', '2', '3990'), ('1082', '19', '21', '1', '3991'), ('1083', '21', '18', '2', '3991'), ('1084', '21', '18', '3', '3991'), ('1085', '18', '21', '1', '3992'), ('1086', '21', '17', '2', '3992'), ('1087', '22', '20', '3', '3992'), ('1088', '18', '21', '1', '3993'), ('1089', '14', '21', '2', '3993'), ('1211', '17', '21', '1', '3962'), ('1212', '9', '21', '2', '3962'), ('1213', '21', '18', '1', '3963'), ('1214', '19', '21', '2', '3963'), ('1215', '22', '20', '3', '3963'), ('1216', '18', '21', '1', '3967'), ('1217', '16', '21', '2', '3967'), ('1218', '16', '21', '1', '3968'), ('1219', '21', '13', '2', '3968'), ('1220', '21', '18', '3', '3968'), ('1221', '21', '17', '1', '3969'), ('1222', '17', '21', '2', '3969'), ('1223', '21', '16', '3', '3969'), ('1224', '17', '21', '1', '3970'), ('1225', '18', '21', '2', '3970'), ('1226', '21', '18', '1', '4551'), ('1227', '18', '21', '2', '4551'), ('1228', '17', '21', '3', '4551'), ('1229', '18', '21', '1', '4552'), ('1230', '16', '21', '2', '4552'), ('1231', '21', '17', '1', '4553'), ('1232', '21', '18', '2', '4553'), ('1233', '17', '21', '1', '4554'), ('1234', '18', '21', '2', '4554'), ('1235', '21', '7', '1', '4555'), ('1236', '21', '9', '2', '4555'), ('1237', '21', '2', '1', '4563'), ('1238', '21', '9', '2', '4563'), ('1239', '21', '17', '1', '4564'), ('1240', '21', '17', '2', '4564');

-- tournament_ms
INSERT INTO "tournament"."tournament" ("id", "created_by", "enddt", "reg_enddt", "reg_startdt", "startdt", "status", "tournament_name", "winner") VALUES ('4902', 'user_2ngKh5qJhhqqmuaq3zLNM5Oh0Vo', '2024-09-22 10:00:00', '2024-09-13 15:59:00', '2024-09-02 01:00:00', '2024-09-18 00:00:00', 'COMPLETED', 'The Shuttle Sprint Series', 'user8'), ('4903', 'user_2ngKh5qJhhqqmuaq3zLNM5Oh0Vo', '2024-11-01 10:00:00', '2024-10-16 15:59:00', '2024-09-30 01:00:00', '2024-10-25 00:00:00', 'COMPLETED', 'SG Racket Warriors', 'user6'), ('4904', 'user_2ngKh5qJhhqqmuaq3zLNM5Oh0Vo', '2024-11-15 10:00:00', '2024-11-08 10:00:00', '2024-11-04 03:00:00', '2024-11-11 04:00:00', 'COMPLETED', 'Shuttle Strikers Classic', 'user1'), ('4905', 'user_2ngKh5qJhhqqmuaq3zLNM5Oh0Vo', '2024-11-13 10:00:00', '2024-11-06 15:59:00', '2024-11-05 00:00:00', '2024-11-11 04:00:00', 'COMPLETED', 'Net Dominators Series 1', 'user16'), ('4906', 'user_2ngKh5qJhhqqmuaq3zLNM5Oh0Vo', '2024-12-07 10:00:00', '2024-11-06 06:00:00', '2024-11-01 02:00:00', '2024-11-08 04:00:00', 'ONGOING', 'SMU Shuttle Stars', null), ('4907', 'user_2ngKh5qJhhqqmuaq3zLNM5Oh0Vo', '2024-12-05 06:00:00', '2024-11-06 15:59:00', '2024-10-28 00:00:00', '2024-11-11 04:00:00', 'ONGOING', 'Shuttle Showdown Series 1', null), ('4909', 'user_2ngKh5qJhhqqmuaq3zLNM5Oh0Vo', '2024-12-09 04:00:00', '2024-11-11 07:00:00', '2024-11-04 00:00:00', '2024-11-27 02:00:00', 'MATCHMAKE', 'Feather Frenzy Cup', null), ('4910', 'user_2ngKh5qJhhqqmuaq3zLNM5Oh0Vo', '2024-12-12 09:30:00', '2024-11-12 04:00:00', '2024-11-08 03:00:00', '2024-12-08 00:00:00', 'REGISTRATION_CLOSE', 'Net Dominators Series 2', null), ('4912', 'user_2ngKh5qJhhqqmuaq3zLNM5Oh0Vo', '2024-12-09 04:00:00', '2024-11-15 12:00:00', '2024-11-11 00:00:00', '2024-11-19 02:00:00', 'ONGOING', 'SG Champions Court Challenge', null), ('4913', 'user_2ngKh5qJhhqqmuaq3zLNM5Oh0Vo', '2024-12-09 04:00:00', '2024-11-14 10:00:00', '2024-11-08 00:00:00', '2024-11-19 00:00:00', 'ONGOING', 'SMU Dynamic Doubles Invitational', null), ('4914', 'user_2ngKh5qJhhqqmuaq3zLNM5Oh0Vo', '2024-12-23 04:00:00', '2024-12-08 10:00:00', '2024-12-02 00:00:00', '2024-12-16 00:00:00', 'SCHEDULED', 'SMU Winter Racket Rally', null), ('4951', 'user_2ngKh5qJhhqqmuaq3zLNM5Oh0Vo', '2024-12-17 10:00:00', '2024-11-12 04:00:00', '2024-11-11 16:00:00', '2024-12-16 01:00:00', 'REGISTRATION_CLOSE', 'Strong-Strong Tournament', null), ('4952', 'user_2ngKh5qJhhqqmuaq3zLNM5Oh0Vo', '2024-12-17 10:00:00', '2024-11-12 04:00:00', '2024-11-11 16:00:00', '2024-12-16 01:00:00', 'REGISTRATION_CLOSE', 'Strong-Weak Tournament', null);
INSERT INTO "tournament"."player" ("id") VALUES ('user1'), ('user10'), ('user11'), ('user12'), ('user13'), ('user14'), ('user15'), ('user16'), ('user17'), ('user18'), ('user19'), ('user2'), ('user20'), ('user3'), ('user4'), ('user5'), ('user6'), ('user7'), ('user8'), ('user9');
INSERT INTO "tournament"."tournament_player" ("player_id", "tournament_id") VALUES ('user1', '4909'), ('user1', '4907'), ('user1', '4904'), ('user1', '4903'), ('user1', '4902'), ('user1', '4951'), ('user1', '4912'), ('user1', '4952'), ('user10', '4905'), ('user10', '4903'), ('user10', '4906'), ('user10', '4907'), ('user10', '4909'), ('user10', '4913'), ('user11', '4913'), ('user11', '4909'), ('user11', '4907'), ('user11', '4903'), ('user11', '4906'), ('user12', '4951'), ('user12', '4952'), ('user12', '4913'), ('user12', '4909'), ('user12', '4907'), ('user12', '4906'), ('user12', '4905'), ('user12', '4903'), ('user13', '4913'), ('user13', '4903'), ('user13', '4906'), ('user13', '4907'), ('user13', '4909'), ('user14', '4909'), ('user14', '4907'), ('user14', '4906'), ('user14', '4952'), ('user14', '4905'), ('user14', '4910'), ('user14', '4951'), ('user14', '4903'), ('user14', '4913'), ('user15', '4910'), ('user15', '4903'), ('user15', '4906'), ('user15', '4907'), ('user15', '4913'), ('user16', '4906'), ('user16', '4905'), ('user16', '4903'), ('user16', '4952'), ('user16', '4951'), ('user16', '4913'), ('user16', '4910'), ('user16', '4907'), ('user17', '4906'), ('user17', '4910'), ('user17', '4913'), ('user17', '4903'), ('user18', '4906'), ('user18', '4910'), ('user18', '4913'), ('user18', '4903'), ('user19', '4910'), ('user19', '4903'), ('user19', '4913'), ('user2', '4904'), ('user2', '4905'), ('user2', '4907'), ('user2', '4902'), ('user2', '4912'), ('user2', '4909'), ('user2', '4903'), ('user20', '4952'), ('user20', '4903'), ('user20', '4910'), ('user20', '4913'), ('user20', '4951'), ('user3', '4912'), ('user3', '4909'), ('user3', '4907'), ('user3', '4904'), ('user3', '4903'), ('user3', '4902'), ('user4', '4903'), ('user4', '4902'), ('user4', '4952'), ('user4', '4951'), ('user4', '4912'), ('user4', '4909'), ('user4', '4907'), ('user4', '4905'), ('user4', '4904'), ('user5', '4902'), ('user5', '4903'), ('user5', '4907'), ('user5', '4909'), ('user5', '4912'), ('user6', '4902'), ('user6', '4903'), ('user6', '4905'), ('user6', '4907'), ('user6', '4909'), ('user6', '4912'), ('user6', '4951'), ('user6', '4952'), ('user7', '4902'), ('user7', '4903'), ('user7', '4907'), ('user7', '4909'), ('user8', '4902'), ('user8', '4903'), ('user8', '4905'), ('user8', '4907'), ('user8', '4909'), ('user8', '4951'), ('user8', '4952'), ('user9', '4903'), ('user9', '4907'), ('user9', '4909');